id,time_stamp,pm2.5_atm,pm2.5_cf_1,name
36673,2020-05-01T00:00:00Z,2.8,3,419 S. 4th St
36673,2024-01-01T00:00:00Z,16.4,17.2,419 S. 4th St
36673,2021-08-01T00:00:00Z,29.5,37.1,419 S. 4th St
36673,2021-03-01T00:00:00Z,98.9,145.6,419 S. 4th St
36673,2022-08-01T00:00:00Z,12.1,12.8,419 S. 4th St
36673,2020-11-01T00:00:00Z,10.7,11.5,419 S. 4th St
36673,2021-01-01T00:00:00Z,9.4,9.9,419 S. 4th St
36673,2020-03-01T00:00:00Z,6.4,6.7,419 S. 4th St
36673,2025-05-01T00:00:00Z,4.2,4.7,419 S. 4th St
36673,2020-02-01T00:00:00Z,7.3,7.7,419 S. 4th St
36673,2021-02-01T00:00:00Z,8.3,8.9,419 S. 4th St
36673,2020-04-01T00:00:00Z,5.1,5.4,419 S. 4th St
36673,2022-10-01T00:00:00Z,12.6,12.8,419 S. 4th St
36673,2020-12-01T00:00:00Z,13.3,14.2,419 S. 4th St
36673,2022-05-01T00:00:00Z,1.9,1.9,419 S. 4th St
36673,2021-12-01T00:00:00Z,6.4,6.5,419 S. 4th St
36673,2023-03-01T00:00:00Z,6.2,6.3,419 S. 4th St
36673,2021-09-01T00:00:00Z,19,23.7,419 S. 4th St
36673,2025-01-01T00:00:00Z,16.3,17.3,419 S. 4th St
36673,2024-12-01T00:00:00Z,12.5,13.2,419 S. 4th St
36673,2023-12-01T00:00:00Z,15.8,16.6,419 S. 4th St
36673,2025-03-01T00:00:00Z,4,4.1,419 S. 4th St
36673,2024-02-01T00:00:00Z,10.4,10.9,419 S. 4th St
36673,2025-02-01T00:00:00Z,10.9,11.6,419 S. 4th St
36673,2024-10-01T00:00:00Z,17.2,20.8,419 S. 4th St
36673,2022-12-01T00:00:00Z,12.5,13,419 S. 4th St
36673,2022-02-01T00:00:00Z,6.1,6.3,419 S. 4th St
36673,2022-11-01T00:00:00Z,22.6,24.6,419 S. 4th St
36673,2023-02-01T00:00:00Z,6.5,6.7,419 S. 4th St
36673,2025-06-01T00:00:00Z,2.9,2.9,419 S. 4th St
36673,2021-07-01T00:00:00Z,132,192.2,419 S. 4th St
36673,2023-09-01T00:00:00Z,5.6,5.8,419 S. 4th St
36673,2023-08-01T00:00:00Z,13.3,13.9,419 S. 4th St
36673,2021-04-01T00:00:00Z,1213.9,1819.6,419 S. 4th St
36673,2025-07-01T00:00:00Z,4.8,5,419 S. 4th St
36673,2020-07-01T00:00:00Z,5.8,5.9,419 S. 4th St
36673,2024-06-01T00:00:00Z,2.2,2.3,419 S. 4th St
36673,2024-04-01T00:00:00Z,7.1,8.3,419 S. 4th St
36673,2020-09-01T00:00:00Z,32.5,44.4,419 S. 4th St
36673,2023-11-01T00:00:00Z,16.6,17.7,419 S. 4th St
36673,2021-05-01T00:00:00Z,335.2,501.8,419 S. 4th St
36673,2024-07-01T00:00:00Z,23.7,29.5,419 S. 4th St
36673,2024-05-01T00:00:00Z,1.9,2,419 S. 4th St
36673,2025-04-01T00:00:00Z,4,4.3,419 S. 4th St
36673,2024-03-01T00:00:00Z,3.9,4.2,419 S. 4th St
36673,2023-06-01T00:00:00Z,5.3,5.3,419 S. 4th St
36673,2022-09-01T00:00:00Z,57,81.9,419 S. 4th St
36673,2020-10-01T00:00:00Z,13.3,14.8,419 S. 4th St
36673,2024-09-01T00:00:00Z,28.8,40.2,419 S. 4th St
36673,2022-04-01T00:00:00Z,3.4,3.4,419 S. 4th St
36673,2023-10-01T00:00:00Z,9,9.2,419 S. 4th St
36673,2022-06-01T00:00:00Z,2.7,2.7,419 S. 4th St
36673,2020-08-01T00:00:00Z,15.1,18.2,419 S. 4th St
36673,2023-01-01T00:00:00Z,12.3,12.6,419 S. 4th St
36673,2024-08-01T00:00:00Z,18.6,20.2,419 S. 4th St
36673,2020-06-01T00:00:00Z,2.9,2.9,419 S. 4th St
36673,2021-10-01T00:00:00Z,7.7,7.9,419 S. 4th St
36673,2022-01-01T00:00:00Z,15.8,16.4,419 S. 4th St
36673,2021-11-01T00:00:00Z,10.9,11.4,419 S. 4th St
36673,2022-07-01T00:00:00Z,6.8,6.9,419 S. 4th St
36673,2022-03-01T00:00:00Z,4.4,4.4,419 S. 4th St
36673,2024-11-01T00:00:00Z,11,11.6,419 S. 4th St
36673,2023-05-01T00:00:00Z,8.7,10.2,419 S. 4th St
36673,2023-07-01T00:00:00Z,9.2,9.2,419 S. 4th St
36673,2021-06-01T00:00:00Z,209.7,312.7,419 S. 4th St
36673,2023-04-01T00:00:00Z,3.3,3.3,419 S. 4th St
36673,2020-01-01T00:00:00Z,6.7,7,419 S. 4th St
28423,2023-09-01T00:00:00Z,7.1,7.1,GRIZZLY WAY
28423,2024-10-01T00:00:00Z,4.9,4.9,GRIZZLY WAY
28423,2023-02-01T00:00:00Z,4.7,4.7,GRIZZLY WAY
28423,2021-12-01T00:00:00Z,4.9,4.9,GRIZZLY WAY
28423,2020-04-01T00:00:00Z,4.4,4.5,GRIZZLY WAY
28423,2020-09-01T00:00:00Z,42.2,61,GRIZZLY WAY
28423,2021-09-01T00:00:00Z,13.8,16.7,GRIZZLY WAY
28423,2023-01-01T00:00:00Z,11.4,11.6,GRIZZLY WAY
28423,2024-06-01T00:00:00Z,4,4,GRIZZLY WAY
28423,2023-06-01T00:00:00Z,8.7,8.9,GRIZZLY WAY
28423,2022-09-01T00:00:00Z,24.1,30.4,GRIZZLY WAY
28423,2021-11-01T00:00:00Z,12.3,12.9,GRIZZLY WAY
28423,2020-02-01T00:00:00Z,4.1,4.1,GRIZZLY WAY
28423,2022-02-01T00:00:00Z,5.8,5.8,GRIZZLY WAY
28423,2025-04-01T00:00:00Z,2.5,2.5,GRIZZLY WAY
28423,2024-02-01T00:00:00Z,7.7,7.7,GRIZZLY WAY
28423,2023-05-01T00:00:00Z,13.6,17.5,GRIZZLY WAY
28423,2025-05-01T00:00:00Z,2.5,2.5,GRIZZLY WAY
28423,2024-09-01T00:00:00Z,10,10.3,GRIZZLY WAY
28423,2025-03-01T00:00:00Z,2,2,GRIZZLY WAY
28423,2023-04-01T00:00:00Z,5.1,5.4,GRIZZLY WAY
28423,2021-07-01T00:00:00Z,40,52.1,GRIZZLY WAY
28423,2023-10-01T00:00:00Z,11.6,12.3,GRIZZLY WAY
28423,2025-02-01T00:00:00Z,5.6,5.6,GRIZZLY WAY
28423,2021-10-01T00:00:00Z,5.5,5.9,GRIZZLY WAY
28423,2024-11-01T00:00:00Z,9.4,9.4,GRIZZLY WAY
28423,2024-05-01T00:00:00Z,1.6,1.6,GRIZZLY WAY
28423,2025-07-01T00:00:00Z,7.4,7.5,GRIZZLY WAY
28423,2023-07-01T00:00:00Z,10.9,11.5,GRIZZLY WAY
28423,2024-03-01T00:00:00Z,2.8,2.8,GRIZZLY WAY
28423,2024-01-01T00:00:00Z,10,10,GRIZZLY WAY
28423,2024-12-01T00:00:00Z,3.5,3.5,GRIZZLY WAY
28423,2022-01-01T00:00:00Z,8.9,9,GRIZZLY WAY
28423,2020-12-01T00:00:00Z,8.2,8.2,GRIZZLY WAY
28423,2020-01-01T00:00:00Z,6.3,6.4,GRIZZLY WAY
28423,2023-11-01T00:00:00Z,13.9,14.3,GRIZZLY WAY
28423,2024-04-01T00:00:00Z,2.6,2.6,GRIZZLY WAY
28423,2024-07-01T00:00:00Z,86.2,120.6,GRIZZLY WAY
28423,2023-12-01T00:00:00Z,9.8,9.8,GRIZZLY WAY
28423,2024-08-01T00:00:00Z,25.5,31.9,GRIZZLY WAY
28423,2022-05-01T00:00:00Z,2.5,2.5,GRIZZLY WAY
28423,2020-03-01T00:00:00Z,4.9,5,GRIZZLY WAY
28423,2021-08-01T00:00:00Z,30.8,41.2,GRIZZLY WAY
28423,2023-03-01T00:00:00Z,6,6,GRIZZLY WAY
28423,2022-10-01T00:00:00Z,16.4,17,GRIZZLY WAY
28423,2020-05-01T00:00:00Z,2.3,2.3,GRIZZLY WAY
28423,2022-11-01T00:00:00Z,20.1,21,GRIZZLY WAY
28423,2020-11-01T00:00:00Z,10.3,10.4,GRIZZLY WAY
28423,2020-10-01T00:00:00Z,13.4,14.2,GRIZZLY WAY
28423,2022-06-01T00:00:00Z,3.2,3.2,GRIZZLY WAY
28423,2020-06-01T00:00:00Z,2.4,2.4,GRIZZLY WAY
28423,2022-08-01T00:00:00Z,10.6,10.7,GRIZZLY WAY
28423,2022-04-01T00:00:00Z,3.6,3.8,GRIZZLY WAY
28423,2025-06-01T00:00:00Z,6.5,6.7,GRIZZLY WAY
28423,2022-07-01T00:00:00Z,7.9,8.1,GRIZZLY WAY
28423,2022-12-01T00:00:00Z,8,8.1,GRIZZLY WAY
28423,2023-08-01T00:00:00Z,26.7,32.3,GRIZZLY WAY
28423,2025-01-01T00:00:00Z,9.4,9.5,GRIZZLY WAY
28423,2022-03-01T00:00:00Z,2.8,2.8,GRIZZLY WAY
13975,2023-08-01T00:00:00Z,28.3,35.8,Corvette Dr.
13975,2024-08-01T00:00:00Z,13.5,14.1,Corvette Dr.
13975,2025-06-01T00:00:00Z,5.8,6,Corvette Dr.
13975,2022-08-01T00:00:00Z,12.9,13.5,Corvette Dr.
13975,2021-10-01T00:00:00Z,5.4,5.5,Corvette Dr.
13975,2023-03-01T00:00:00Z,2.9,3,Corvette Dr.
13975,2022-10-01T00:00:00Z,14.5,15,Corvette Dr.
13975,2025-03-01T00:00:00Z,1.7,1.7,Corvette Dr.
13975,2020-12-01T00:00:00Z,5.7,5.7,Corvette Dr.
13975,2021-09-01T00:00:00Z,11.3,12.8,Corvette Dr.
13975,2020-10-01T00:00:00Z,9.8,10.3,Corvette Dr.
13975,2022-06-01T00:00:00Z,2.7,2.8,Corvette Dr.
13975,2020-04-01T00:00:00Z,2.7,2.7,Corvette Dr.
13975,2021-07-01T00:00:00Z,29.6,36.5,Corvette Dr.
13975,2023-05-01T00:00:00Z,12.8,15.9,Corvette Dr.
13975,2022-05-01T00:00:00Z,1.8,1.8,Corvette Dr.
13975,2021-11-01T00:00:00Z,11.3,11.7,Corvette Dr.
13975,2020-02-01T00:00:00Z,1.4,1.5,Corvette Dr.
13975,2025-04-01T00:00:00Z,2.2,2.2,Corvette Dr.
13975,2025-07-01T00:00:00Z,6,6,Corvette Dr.
13975,2022-11-01T00:00:00Z,17.7,18.6,Corvette Dr.
13975,2023-01-01T00:00:00Z,3.7,3.7,Corvette Dr.
13975,2024-02-01T00:00:00Z,3.5,3.6,Corvette Dr.
13975,2021-04-01T00:00:00Z,3.4,3.6,Corvette Dr.
13975,2023-11-01T00:00:00Z,10.8,11.1,Corvette Dr.
13975,2022-07-01T00:00:00Z,5.7,5.7,Corvette Dr.
13975,2022-03-01T00:00:00Z,2.1,2.1,Corvette Dr.
13975,2024-05-01T00:00:00Z,1.7,1.7,Corvette Dr.
13975,2021-03-01T00:00:00Z,4,4.2,Corvette Dr.
13975,2020-07-01T00:00:00Z,4.3,4.4,Corvette Dr.
13975,2021-12-01T00:00:00Z,4.5,4.6,Corvette Dr.
13975,2023-04-01T00:00:00Z,2.8,2.9,Corvette Dr.
13975,2022-12-01T00:00:00Z,6,6.1,Corvette Dr.
13975,2024-09-01T00:00:00Z,8.5,8.8,Corvette Dr.
13975,2025-02-01T00:00:00Z,3.8,3.8,Corvette Dr.
13975,2020-03-01T00:00:00Z,2.1,2.2,Corvette Dr.
13975,2021-05-01T00:00:00Z,2.1,2.1,Corvette Dr.
13975,2023-12-01T00:00:00Z,4.9,5,Corvette Dr.
13975,2023-09-01T00:00:00Z,6.2,6.2,Corvette Dr.
13975,2021-01-01T00:00:00Z,3.8,3.8,Corvette Dr.
13975,2024-06-01T00:00:00Z,2.2,2.4,Corvette Dr.
13975,2020-08-01T00:00:00Z,7.4,7.5,Corvette Dr.
13975,2024-11-01T00:00:00Z,12.6,12.9,Corvette Dr.
13975,2025-01-01T00:00:00Z,6,6,Corvette Dr.
13975,2021-06-01T00:00:00Z,10.8,13,Corvette Dr.
13975,2021-08-01T00:00:00Z,36.2,49.7,Corvette Dr.
13975,2024-03-01T00:00:00Z,3,3,Corvette Dr.
13975,2020-11-01T00:00:00Z,8.5,8.9,Corvette Dr.
13975,2024-07-01T00:00:00Z,14.8,16.1,Corvette Dr.
13975,2023-07-01T00:00:00Z,11.8,13.1,Corvette Dr.
13975,2025-05-01T00:00:00Z,2.2,2.4,Corvette Dr.
13975,2024-12-01T00:00:00Z,4.9,5,Corvette Dr.
13975,2022-09-01T00:00:00Z,24,30.6,Corvette Dr.
13975,2020-01-01T00:00:00Z,2.5,2.5,Corvette Dr.
13975,2020-06-01T00:00:00Z,1.8,1.8,Corvette Dr.
13975,2023-06-01T00:00:00Z,7.4,7.5,Corvette Dr.
13975,2021-02-01T00:00:00Z,2.7,2.7,Corvette Dr.
13975,2022-04-01T00:00:00Z,2.7,2.8,Corvette Dr.
13975,2020-09-01T00:00:00Z,30.3,42.3,Corvette Dr.
13975,2024-10-01T00:00:00Z,3.9,3.9,Corvette Dr.
13975,2024-04-01T00:00:00Z,2.6,2.8,Corvette Dr.
13975,2022-02-01T00:00:00Z,3,3,Corvette Dr.
13975,2022-01-01T00:00:00Z,4.6,4.7,Corvette Dr.
13975,2023-10-01T00:00:00Z,8.2,8.7,Corvette Dr.
13975,2020-05-01T00:00:00Z,1.9,1.9,Corvette Dr.
13975,2024-01-01T00:00:00Z,5,5.1,Corvette Dr.
13975,2023-02-01T00:00:00Z,1.6,1.7,Corvette Dr.
2851,2022-07-01T00:00:00Z,7.1,7.1,Helena 2-North
2851,2022-04-01T00:00:00Z,3.3,3.4,Helena 2-North
2851,2022-09-01T00:00:00Z,28.6,37.7,Helena 2-North
2851,2023-10-01T00:00:00Z,5,5,Helena 2-North
2851,2022-08-01T00:00:00Z,9.3,9.3,Helena 2-North
2851,2024-09-01T00:00:00Z,16.9,21.5,Helena 2-North
2851,2022-01-01T00:00:00Z,8.6,8.7,Helena 2-North
2851,2021-01-01T00:00:00Z,6.1,6.1,Helena 2-North
2851,2022-03-01T00:00:00Z,2.6,2.6,Helena 2-North
2851,2020-03-01T00:00:00Z,4.4,4.4,Helena 2-North
2851,2021-10-01T00:00:00Z,6.9,7.7,Helena 2-North
2851,2020-09-01T00:00:00Z,21,28,Helena 2-North
2851,2020-07-01T00:00:00Z,5.6,5.6,Helena 2-North
2851,2023-04-01T00:00:00Z,2.5,2.5,Helena 2-North
2851,2022-10-01T00:00:00Z,10.8,11.3,Helena 2-North
2851,2024-05-01T00:00:00Z,1.5,1.5,Helena 2-North
2851,2025-01-01T00:00:00Z,16.5,17.6,Helena 2-North
2851,2021-12-01T00:00:00Z,7.3,7.4,Helena 2-North
2851,2020-01-01T00:00:00Z,5.8,5.9,Helena 2-North
2851,2023-02-01T00:00:00Z,2.7,2.7,Helena 2-North
2851,2025-05-01T00:00:00Z,3.2,3.2,Helena 2-North
2851,2023-11-01T00:00:00Z,7.1,7.2,Helena 2-North
2851,2022-06-01T00:00:00Z,2.8,2.8,Helena 2-North
2851,2025-07-01T00:00:00Z,6.9,6.9,Helena 2-North
2851,2024-04-01T00:00:00Z,2.2,2.2,Helena 2-North
2851,2021-04-01T00:00:00Z,3.3,3.3,Helena 2-North
2851,2023-03-01T00:00:00Z,5.3,5.3,Helena 2-North
2851,2024-12-01T00:00:00Z,7.3,7.5,Helena 2-North
2851,2020-10-01T00:00:00Z,10,10.3,Helena 2-North
2851,2024-11-01T00:00:00Z,5.5,5.5,Helena 2-North
2851,2024-01-01T00:00:00Z,14.3,14.9,Helena 2-North
2851,2022-11-01T00:00:00Z,11.8,11.9,Helena 2-North
2851,2021-09-01T00:00:00Z,20.8,27.2,Helena 2-North
2851,2024-10-01T00:00:00Z,11.2,12.5,Helena 2-North
2851,2022-02-01T00:00:00Z,5.2,5.3,Helena 2-North
2851,2023-08-01T00:00:00Z,17.5,19.7,Helena 2-North
2851,2025-06-01T00:00:00Z,6.6,6.8,Helena 2-North
2851,2021-06-01T00:00:00Z,4.3,4.3,Helena 2-North
2851,2020-06-01T00:00:00Z,2.7,3,Helena 2-North
2851,2020-02-01T00:00:00Z,3.1,3.1,Helena 2-North
2851,2022-05-01T00:00:00Z,2,2,Helena 2-North
2851,2023-07-01T00:00:00Z,12.8,13.2,Helena 2-North
2851,2021-03-01T00:00:00Z,4.2,4.3,Helena 2-North
2851,2021-11-01T00:00:00Z,3.5,3.5,Helena 2-North
2851,2023-01-01T00:00:00Z,10.4,10.6,Helena 2-North
2851,2025-04-01T00:00:00Z,3.5,3.6,Helena 2-North
2851,2023-06-01T00:00:00Z,7.5,7.5,Helena 2-North
2851,2020-04-01T00:00:00Z,3.5,3.5,Helena 2-North
2851,2023-09-01T00:00:00Z,8.3,9.6,Helena 2-North
2851,2024-07-01T00:00:00Z,22.5,26.4,Helena 2-North
2851,2021-05-01T00:00:00Z,1.8,1.8,Helena 2-North
2851,2023-05-01T00:00:00Z,13.2,17.3,Helena 2-North
2851,2024-02-01T00:00:00Z,9.1,9.1,Helena 2-North
2851,2025-03-01T00:00:00Z,4.7,5,Helena 2-North
2851,2021-08-01T00:00:00Z,27,34.5,Helena 2-North
2851,2025-02-01T00:00:00Z,13.1,13.6,Helena 2-North
2851,2022-12-01T00:00:00Z,10,10.2,Helena 2-North
2851,2020-11-01T00:00:00Z,5.5,5.5,Helena 2-North
2851,2024-03-01T00:00:00Z,4.3,4.3,Helena 2-North
2851,2020-12-01T00:00:00Z,6,6,Helena 2-North
2851,2024-08-01T00:00:00Z,15.5,16,Helena 2-North
2851,2024-06-01T00:00:00Z,1.8,1.8,Helena 2-North
2851,2021-07-01T00:00:00Z,38.2,50.7,Helena 2-North
2851,2023-12-01T00:00:00Z,10,10.4,Helena 2-North
2851,2020-08-01T00:00:00Z,14.1,16,Helena 2-North
2851,2020-05-01T00:00:00Z,1.9,1.9,Helena 2-North
2851,2021-02-01T00:00:00Z,6.5,6.6,Helena 2-North
31595,2021-08-01T00:00:00Z,26.2,32.5,Bozeman—Southside
31595,2023-11-01T00:00:00Z,5.6,5.9,Bozeman—Southside
31595,2023-02-01T00:00:00Z,4.6,4.8,Bozeman—Southside
31595,2024-04-01T00:00:00Z,2.3,2.4,Bozeman—Southside
31595,2021-05-01T00:00:00Z,1.8,1.8,Bozeman—Southside
31595,2022-03-01T00:00:00Z,2.9,2.9,Bozeman—Southside
31595,2021-11-01T00:00:00Z,3.9,4.1,Bozeman—Southside
31595,2025-04-01T00:00:00Z,2.7,2.7,Bozeman—Southside
31595,2025-06-01T00:00:00Z,50.7,73.7,Bozeman—Southside
31595,2022-11-01T00:00:00Z,10.9,11.5,Bozeman—Southside
31595,2024-02-01T00:00:00Z,5.4,5.5,Bozeman—Southside
31595,2020-05-01T00:00:00Z,2.5,2.6,Bozeman—Southside
31595,2025-02-01T00:00:00Z,10.9,11.7,Bozeman—Southside
31595,2024-11-01T00:00:00Z,4.4,4.5,Bozeman—Southside
31595,2021-04-01T00:00:00Z,3.3,3.4,Bozeman—Southside
31595,2020-12-01T00:00:00Z,7.4,7.8,Bozeman—Southside
31595,2024-07-01T00:00:00Z,19,20.8,Bozeman—Southside
31595,2024-01-01T00:00:00Z,9.6,10,Bozeman—Southside
31595,2025-03-01T00:00:00Z,2.4,2.5,Bozeman—Southside
31595,2025-07-01T00:00:00Z,6.1,6.2,Bozeman—Southside
31595,2020-09-01T00:00:00Z,19.3,24.6,Bozeman—Southside
31595,2023-06-01T00:00:00Z,4.7,4.7,Bozeman—Southside
31595,2020-03-01T00:00:00Z,5.4,5.5,Bozeman—Southside
31595,2022-07-01T00:00:00Z,5.8,5.9,Bozeman—Southside
31595,2021-02-01T00:00:00Z,7.1,7.5,Bozeman—Southside
31595,2024-12-01T00:00:00Z,4.7,4.8,Bozeman—Southside
31595,2023-01-01T00:00:00Z,8.5,8.8,Bozeman—Southside
31595,2021-07-01T00:00:00Z,28.9,34.8,Bozeman—Southside
31595,2024-03-01T00:00:00Z,2.5,2.6,Bozeman—Southside
31595,2023-05-01T00:00:00Z,8.3,9.9,Bozeman—Southside
31595,2021-06-01T00:00:00Z,3.3,3.3,Bozeman—Southside
31595,2021-01-01T00:00:00Z,7.6,7.9,Bozeman—Southside
31595,2023-09-01T00:00:00Z,4.8,4.9,Bozeman—Southside
31595,2023-08-01T00:00:00Z,11,11.2,Bozeman—Southside
31595,2022-12-01T00:00:00Z,11.3,12,Bozeman—Southside
31595,2022-05-01T00:00:00Z,1.9,1.9,Bozeman—Southside
31595,2023-03-01T00:00:00Z,4.8,4.8,Bozeman—Southside
31595,2020-06-01T00:00:00Z,2.7,2.7,Bozeman—Southside
31595,2023-07-01T00:00:00Z,9.9,10.3,Bozeman—Southside
31595,2025-01-01T00:00:00Z,9.6,9.9,Bozeman—Southside
31595,2020-10-01T00:00:00Z,9.4,9.8,Bozeman—Southside
31595,2021-09-01T00:00:00Z,19.4,23.3,Bozeman—Southside
31595,2020-08-01T00:00:00Z,42.6,59,Bozeman—Southside
31595,2023-12-01T00:00:00Z,5.7,5.9,Bozeman—Southside
31595,2022-10-01T00:00:00Z,6.2,6.3,Bozeman—Southside
31595,2022-06-01T00:00:00Z,2.2,2.3,Bozeman—Southside
31595,2023-04-01T00:00:00Z,3,3,Bozeman—Southside
31595,2023-10-01T00:00:00Z,4.8,4.9,Bozeman—Southside
31595,2024-09-01T00:00:00Z,12.1,14.6,Bozeman—Southside
31595,2020-01-01T00:00:00Z,4.6,4.7,Bozeman—Southside
31595,2024-08-01T00:00:00Z,11.5,11.7,Bozeman—Southside
31595,2021-10-01T00:00:00Z,4.1,4.1,Bozeman—Southside
31595,2022-04-01T00:00:00Z,2.9,3,Bozeman—Southside
31595,2021-03-01T00:00:00Z,3.5,3.6,Bozeman—Southside
31595,2020-07-01T00:00:00Z,5.4,5.5,Bozeman—Southside
31595,2022-09-01T00:00:00Z,20.5,25.5,Bozeman—Southside
31595,2022-01-01T00:00:00Z,9.3,9.6,Bozeman—Southside
31595,2020-04-01T00:00:00Z,3.8,3.9,Bozeman—Southside
31595,2020-11-01T00:00:00Z,6.3,6.5,Bozeman—Southside
31595,2024-05-01T00:00:00Z,1.5,1.5,Bozeman—Southside
31595,2020-02-01T00:00:00Z,4.5,4.6,Bozeman—Southside
31595,2021-12-01T00:00:00Z,5.4,5.7,Bozeman—Southside
31595,2022-08-01T00:00:00Z,8.3,8.4,Bozeman—Southside
31595,2025-05-01T00:00:00Z,2.9,2.9,Bozeman—Southside
31595,2024-06-01T00:00:00Z,2.4,2.5,Bozeman—Southside
31595,2022-02-01T00:00:00Z,5.2,5.3,Bozeman—Southside
31595,2024-10-01T00:00:00Z,10.1,11.2,Bozeman—Southside
